timestamp,flight counts		
04-28-2026 05:20,22		
04-28-2026 06:20,36		
04-28-2026 07:20,14		
04-28-2026 08:20,7		
04-28-2026 09:20,1		
04-28-2026 10:20,2		
04-28-2026 11:20,2		
04-28-2026 12:20,15		
04-28-2026 13:20,16		
04-28-2026 14:20,23		
04-28-2026 15:20,40		
04-28-2026 16:20,23		
04-28-2026 17:20,34		
04-28-2026 18:20,36		
04-28-2026 19:20,34		
04-28-2026 20:20,39		
04-28-2026 21:20,40		
04-28-2026 22:20,15		
04-28-2026 23:20,31		
04-29-2026 00:20,26		
04-29-2026 01:20,28		
04-29-2026 02:20,23		
04-29-2026 03:20,11		
04-29-2026 04:20,18		
04-29-2026 05:20,29		
04-29-2026 06:20,21		
04-29-2026 07:20,12		
04-29-2026 08:20,3		
04-29-2026 09:20,2		
04-29-2026 10:20,2		
04-29-2026 11:20,2		
04-29-2026 12:20,14		
04-29-2026 13:20,15		
04-29-2026 14:20,23		
04-29-2026 15:20,47		
04-29-2026 16:20,16		
04-29-2026 17:20,36		
04-29-2026 18:20,38		
04-29-2026 19:20,40		
04-29-2026 20:20,39		
04-29-2026 21:20,33		
04-29-2026 22:20,22		
04-29-2026 23:20,37		
04-30-2026 00:20,20		
04-30-2026 01:20,27		
04-30-2026 02:20,21		
04-30-2026 03:20,22		
04-30-2026 04:20,18		
04-30-2026 05:20,24		
04-30-2026 06:20,35		
04-30-2026 07:20,16		
04-30-2026 08:20,6		
04-30-2026 09:20,1		
04-30-2026 10:20,1		
04-30-2026 11:20,6		
04-30-2026 12:20,17		
04-30-2026 13:20,18		
04-30-2026 14:20,19		
04-30-2026 15:20,41		
04-30-2026 16:20,32		
04-30-2026 17:20,31		
04-30-2026 18:20,38		
04-30-2026 19:20,39		
04-30-2026 20:20,41		
04-30-2026 21:20,45		
04-30-2026 22:20,16		
04-30-2026 23:20,30		
05-01-2026 00:20,38		
05-01-2026 01:20,33		
05-01-2026 02:20,34		
05-01-2026 03:20,20		
05-01-2026 04:20,25		
05-01-2026 05:20,22		
05-01-2026 06:20,32		
05-01-2026 07:20,23		
05-01-2026 08:20,4		
05-01-2026 09:20,0		
05-01-2026 11:20,2		
05-01-2026 12:20,15		
05-01-2026 13:20,22		
05-01-2026 14:20,26		
05-01-2026 15:20,40		
05-01-2026 16:20,23		
05-01-2026 17:20,36		
05-01-2026 18:20,29		
05-01-2026 19:20,34		
05-01-2026 20:20,33		
05-01-2026 21:20,46		
05-01-2026 22:20,34		
05-01-2026 23:20,30		
05-02-2026 00:20,32		
05-02-2026 01:20,37		
05-02-2026 02:20,24		
05-02-2026 03:20,18		
05-02-2026 04:20,24		
05-02-2026 05:20,24		
05-02-2026 06:20,37		
05-02-2026 07:20,16		
05-02-2026 08:20,8		
05-02-2026 09:20,2		
05-02-2026 10:20,0		
		